
# EDIFICIO
INSERT INTO `jardin`.`EDIFICIO` (`EDIFICIO_ID`, `EDIFICIO_NOMBRE`) VALUES ('1', 'EDIFICIO 1');
INSERT INTO `jardin`.`EDIFICIO` (`EDIFICIO_ID`, `EDIFICIO_NOMBRE`) VALUES ('2', 'EDIFICIO 2');
INSERT INTO `jardin`.`EDIFICIO` (`EDIFICIO_ID`, `EDIFICIO_NOMBRE`) VALUES ('3', 'EDIFICIO 3');
INSERT INTO `jardin`.`EDIFICIO` (`EDIFICIO_ID`, `EDIFICIO_NOMBRE`) VALUES ('4', 'EDIFICIO 4');
INSERT INTO `jardin`.`EDIFICIO` (`EDIFICIO_ID`, `EDIFICIO_NOMBRE`) VALUES ('5', 'EDIFICIO 5');
INSERT INTO `jardin`.`EDIFICIO` (`EDIFICIO_ID`, `EDIFICIO_NOMBRE`) VALUES ('6', 'EDIFICIO 6');
INSERT INTO `jardin`.`EDIFICIO` (`EDIFICIO_ID`, `EDIFICIO_NOMBRE`) VALUES ('7', 'EDIFICIO 7');
INSERT INTO `jardin`.`EDIFICIO` (`EDIFICIO_ID`, `EDIFICIO_NOMBRE`) VALUES ('8', 'EDIFICIO 8');
INSERT INTO `jardin`.`EDIFICIO` (`EDIFICIO_ID`, `EDIFICIO_NOMBRE`) VALUES ('9', 'EDIFICIO 9');
INSERT INTO `jardin`.`EDIFICIO` (`EDIFICIO_ID`, `EDIFICIO_NOMBRE`) VALUES ('10', 'EDIFICIO 10');
# SALA
INSERT INTO `jardin`.`SALA` (`SALA_ID`, `EDIFICIO_ID`, `SALA_NOMBRE`) VALUES ('1', '1', 'SALA 1');
INSERT INTO `jardin`.`SALA` (`SALA_ID`, `EDIFICIO_ID`, `SALA_NOMBRE`) VALUES ('2', '2', 'SALA 2');
INSERT INTO `jardin`.`SALA` (`SALA_ID`, `EDIFICIO_ID`, `SALA_NOMBRE`) VALUES ('3', '3', 'SALA 3');
INSERT INTO `jardin`.`SALA` (`SALA_ID`, `EDIFICIO_ID`, `SALA_NOMBRE`) VALUES ('4', '4', 'SALA 4');
INSERT INTO `jardin`.`SALA` (`SALA_ID`, `EDIFICIO_ID`, `SALA_NOMBRE`) VALUES ('5', '5', 'SALA 5');
INSERT INTO `jardin`.`SALA` (`SALA_ID`, `EDIFICIO_ID`, `SALA_NOMBRE`) VALUES ('6', '6', 'SALA 6');
INSERT INTO `jardin`.`SALA` (`SALA_ID`, `EDIFICIO_ID`, `SALA_NOMBRE`) VALUES ('7', '7', 'SALA 7');
INSERT INTO `jardin`.`SALA` (`SALA_ID`, `EDIFICIO_ID`, `SALA_NOMBRE`) VALUES ('8', '8', 'SALA 8');
INSERT INTO `jardin`.`SALA` (`SALA_ID`, `EDIFICIO_ID`, `SALA_NOMBRE`) VALUES ('9', '9', 'SALA 9');
INSERT INTO `jardin`.`SALA` (`SALA_ID`, `EDIFICIO_ID`, `SALA_NOMBRE`) VALUES ('10', '10', 'SALA 10');
INSERT INTO `jardin`.`SALA` (`SALA_ID`, `EDIFICIO_ID`, `SALA_NOMBRE`) VALUES ('11', '1', 'SALA 11');
INSERT INTO `jardin`.`SALA` (`SALA_ID`, `EDIFICIO_ID`, `SALA_NOMBRE`) VALUES ('12', '2', 'SALA 12');
INSERT INTO `jardin`.`SALA` (`SALA_ID`, `EDIFICIO_ID`, `SALA_NOMBRE`) VALUES ('13', '3', 'SALA 13');
INSERT INTO `jardin`.`SALA` (`SALA_ID`, `EDIFICIO_ID`, `SALA_NOMBRE`) VALUES ('14', '4', 'SALA 14');
INSERT INTO `jardin`.`SALA` (`SALA_ID`, `EDIFICIO_ID`, `SALA_NOMBRE`) VALUES ('15', '5', 'SALA 15');
INSERT INTO `jardin`.`SALA` (`SALA_ID`, `EDIFICIO_ID`, `SALA_NOMBRE`) VALUES ('16', '6', 'SALA 16');
INSERT INTO `jardin`.`SALA` (`SALA_ID`, `EDIFICIO_ID`, `SALA_NOMBRE`) VALUES ('17', '7', 'SALA 17');
INSERT INTO `jardin`.`SALA` (`SALA_ID`, `EDIFICIO_ID`, `SALA_NOMBRE`) VALUES ('18', '8', 'SALA 18');
INSERT INTO `jardin`.`SALA` (`SALA_ID`, `EDIFICIO_ID`, `SALA_NOMBRE`) VALUES ('19', '9', 'SALA 19');
INSERT INTO `jardin`.`SALA` (`SALA_ID`, `EDIFICIO_ID`, `SALA_NOMBRE`) VALUES ('20', '10', 'SALA 20');
INSERT INTO `jardin`.`SALA` (`SALA_ID`, `EDIFICIO_ID`, `SALA_NOMBRE`) VALUES ('21', '1', 'SALA 21');
INSERT INTO `jardin`.`SALA` (`SALA_ID`, `EDIFICIO_ID`, `SALA_NOMBRE`) VALUES ('22', '2', 'SALA 22');
INSERT INTO `jardin`.`SALA` (`SALA_ID`, `EDIFICIO_ID`, `SALA_NOMBRE`) VALUES ('23', '1', 'SALA 23');
INSERT INTO `jardin`.`SALA` (`SALA_ID`, `EDIFICIO_ID`, `SALA_NOMBRE`) VALUES ('24', '2', 'SALA 14');
INSERT INTO `jardin`.`SALA` (`SALA_ID`, `EDIFICIO_ID`, `SALA_NOMBRE`) VALUES ('25', '1', 'SALA 25');
# ENFERMEDAD
INSERT INTO `jardin`.`ENFERMEDAD` (`ENFER_ID`, `ENFER_NOMBRE`, `ENFER_CONTAGIOSA`) VALUES ('1', 'Gripe o influenza', '1');
INSERT INTO `jardin`.`ENFERMEDAD` (`ENFER_ID`, `ENFER_NOMBRE`, `ENFER_CONTAGIOSA`) VALUES ('2', 'Faringitis', '1');
INSERT INTO `jardin`.`ENFERMEDAD` (`ENFER_ID`, `ENFER_NOMBRE`, `ENFER_CONTAGIOSA`) VALUES ('3', 'Amigdalitis', '1');
INSERT INTO `jardin`.`ENFERMEDAD` (`ENFER_ID`, `ENFER_NOMBRE`, `ENFER_CONTAGIOSA`) VALUES ('4', 'Bronquitis', '1');
INSERT INTO `jardin`.`ENFERMEDAD` (`ENFER_ID`, `ENFER_NOMBRE`, `ENFER_CONTAGIOSA`) VALUES ('5', 'Neumonía o pulmonía', '1');
INSERT INTO `jardin`.`ENFERMEDAD` (`ENFER_ID`, `ENFER_NOMBRE`, `ENFER_CONTAGIOSA`) VALUES ('6', 'Otitis', '0');
INSERT INTO `jardin`.`ENFERMEDAD` (`ENFER_ID`, `ENFER_NOMBRE`, `ENFER_CONTAGIOSA`) VALUES ('7', 'Bronquiolitis', '1');
# NIVEL
INSERT INTO `jardin`.`ENFERMEDAD` (`NIVEL_ID`, `NIVEL_NOMBRE`) VALUES ('1','Nivel Básico');
INSERT INTO `jardin`.`ENFERMEDAD` (`NIVEL_ID`, `NIVEL_NOMBRE`) VALUES ('2','Nivel Medio');
# CURSO
INSERT INTO `jardin`.`CURSO` (`CURSO_ID`, `SALA_ID`, `NIVEL_ID`, `CURSO_NOMBRE`, `CURSO_AGNO`) VALUES ('1', '1', '1', 'Curso Básico A', '2018');
INSERT INTO `jardin`.`CURSO` (`CURSO_ID`, `SALA_ID`, `NIVEL_ID`, `CURSO_NOMBRE`, `CURSO_AGNO`) VALUES ('2', '2', '1', 'Curso Básico B', '2018');
INSERT INTO `jardin`.`CURSO` (`CURSO_ID`, `SALA_ID`, `NIVEL_ID`, `CURSO_NOMBRE`, `CURSO_AGNO`) VALUES ('3', '3', '2', 'Curso Media A', '2018');
INSERT INTO `jardin`.`CURSO` (`CURSO_ID`, `SALA_ID`, `NIVEL_ID`, `CURSO_NOMBRE`, `CURSO_AGNO`) VALUES ('4', '4', '2', 'Curso Media B', '2018');
# ALUMNO
INSERT INTO `jardin`.`ALUMNO` (`ALUMNO_RUT`, `ALUMNO_NOMBRE`, `ALUMNO_APATERNO`, `ALUMNO_AMATERNO`) VALUES ('1', 'Jonathan UNO', 'Ramirez', 'Medina');
INSERT INTO `jardin`.`ALUMNO` (`ALUMNO_RUT`, `ALUMNO_NOMBRE`, `ALUMNO_APATERNO`, `ALUMNO_AMATERNO`) VALUES ('2', 'Cristian UNO', 'Lara', 'Lara');
INSERT INTO `jardin`.`ALUMNO` (`ALUMNO_RUT`, `ALUMNO_NOMBRE`, `ALUMNO_APATERNO`, `ALUMNO_AMATERNO`) VALUES ('3', 'Jonathan DOS', 'Ramirez', 'Medina');
INSERT INTO `jardin`.`ALUMNO` (`ALUMNO_RUT`, `ALUMNO_NOMBRE`, `ALUMNO_APATERNO`, `ALUMNO_AMATERNO`) VALUES ('4', 'Cristian DOS', 'Lara', 'Lara');
INSERT INTO `jardin`.`ALUMNO` (`ALUMNO_RUT`, `ALUMNO_NOMBRE`, `ALUMNO_APATERNO`, `ALUMNO_AMATERNO`) VALUES ('5', 'Jonathan TRES', 'Ramirez', 'Ramirez');
INSERT INTO `jardin`.`ALUMNO` (`ALUMNO_RUT`, `ALUMNO_NOMBRE`, `ALUMNO_APATERNO`, `ALUMNO_AMATERNO`) VALUES ('6', 'Cristian TRES', 'Lara', 'Lara');
INSERT INTO `jardin`.`ALUMNO` (`ALUMNO_RUT`, `ALUMNO_NOMBRE`, `ALUMNO_APATERNO`, `ALUMNO_AMATERNO`) VALUES ('7', 'Jonathan CUATRO', 'Ramirez', 'Medina');
INSERT INTO `jardin`.`ALUMNO` (`ALUMNO_RUT`, `ALUMNO_NOMBRE`, `ALUMNO_APATERNO`, `ALUMNO_AMATERNO`) VALUES ('8', 'Cristian', 'Lara', 'Lara');
# CURSO_ALUMNO
INSERT INTO `jardin`.`CURSO_ALUMNO` (`CA_ID`, `ALUMNO_RUT`, `CURSO_ID`) VALUES ('1', '1', '1');
INSERT INTO `jardin`.`CURSO_ALUMNO` (`CA_ID`, `ALUMNO_RUT`, `CURSO_ID`) VALUES ('2', '2', '1');
INSERT INTO `jardin`.`CURSO_ALUMNO` (`CA_ID`, `ALUMNO_RUT`, `CURSO_ID`) VALUES ('3', '3', '2');
INSERT INTO `jardin`.`CURSO_ALUMNO` (`CA_ID`, `ALUMNO_RUT`, `CURSO_ID`) VALUES ('4', '4', '2');
INSERT INTO `jardin`.`CURSO_ALUMNO` (`CA_ID`, `ALUMNO_RUT`, `CURSO_ID`) VALUES ('5', '5', '3');
INSERT INTO `jardin`.`CURSO_ALUMNO` (`CA_ID`, `ALUMNO_RUT`, `CURSO_ID`) VALUES ('6', '6', '3');
# ENFERMEDAD_CURSO_ALUMNO
INSERT INTO `jardin`.`ENFERMEDAD_CURSO_ALUMNO` (`ECA_ID`, `ENFER_ID`, `CA_ID`, `ECA_FECHA_INICIO`, `ECA_FECHA_FIN`) VALUES ('1', '1', '1', '2018-01-01', '2018-01-15');
INSERT INTO `jardin`.`ENFERMEDAD_CURSO_ALUMNO` (`ECA_ID`, `ENFER_ID`, `CA_ID`, `ECA_FECHA_INICIO`, `ECA_FECHA_FIN`) VALUES ('2', '2', '1', '2018-05-20', '2018-05-29');
INSERT INTO `jardin`.`ENFERMEDAD_CURSO_ALUMNO` (`ECA_ID`, `ENFER_ID`, `CA_ID`, `ECA_FECHA_INICIO`, `ECA_FECHA_FIN`) VALUES ('3', '4', '2', '2018-06-20', '2018-06-29');
INSERT INTO `jardin`.`ENFERMEDAD_CURSO_ALUMNO` (`ECA_ID`, `ENFER_ID`, `CA_ID`, `ECA_FECHA_INICIO`, `ECA_FECHA_FIN`) VALUES ('4', '3', '2', '2018-01-05', '2018-01-20');
INSERT INTO `jardin`.`ENFERMEDAD_CURSO_ALUMNO` (`ECA_ID`, `ENFER_ID`, `CA_ID`, `ECA_FECHA_INICIO`, `ECA_FECHA_FIN`) VALUES ('11', '5', '3', '2018-04-05', '2018-04-15');
INSERT INTO `jardin`.`ENFERMEDAD_CURSO_ALUMNO` (`ECA_ID`, `ENFER_ID`, `CA_ID`, `ECA_FECHA_INICIO`, `ECA_FECHA_FIN`) VALUES ('5', '7', '3', '2018-06-05', '2018-06-15');
INSERT INTO `jardin`.`ENFERMEDAD_CURSO_ALUMNO` (`ECA_ID`, `ENFER_ID`, `CA_ID`, `ECA_FECHA_INICIO`, `ECA_FECHA_FIN`) VALUES ('6', '6', '4', '2018-08-01', '2018-08-25');
INSERT INTO `jardin`.`ENFERMEDAD_CURSO_ALUMNO` (`ECA_ID`, `ENFER_ID`, `CA_ID`, `ECA_FECHA_INICIO`, `ECA_FECHA_FIN`) VALUES ('7', '1', '5', '2018-06-01', '2018-06-03');
INSERT INTO `jardin`.`ENFERMEDAD_CURSO_ALUMNO` (`ECA_ID`, `ENFER_ID`, `CA_ID`, `ECA_FECHA_INICIO`, `ECA_FECHA_FIN`) VALUES ('8', '4', '6', '2018-06-05', '2018-06-10');
INSERT INTO `jardin`.`ENFERMEDAD_CURSO_ALUMNO` (`ECA_ID`, `ENFER_ID`, `CA_ID`, `ECA_FECHA_INICIO`, `ECA_FECHA_FIN`) VALUES ('9', '4', '6', '2018-06-11', '2018-06-20');
INSERT INTO `jardin`.`ENFERMEDAD_CURSO_ALUMNO` (`ECA_ID`, `ENFER_ID`, `CA_ID`, `ECA_FECHA_INICIO`, `ECA_FECHA_FIN`) VALUES ('10', '1', '1', '2018-07-11', '2018-07-20');
# TIPO_INASISTENCIA
INSERT INTO `jardin`.`TIPO_INASISTENCIA` (`TA_ID`, `TA_NOMBRE`) VALUES ('1', 'Enfermedad');
INSERT INTO `jardin`.`TIPO_INASISTENCIA` (`TA_ID`, `TA_NOMBRE`) VALUES ('2', 'Personal');
INSERT INTO `jardin`.`TIPO_INASISTENCIA` (`TA_ID`, `TA_NOMBRE`) VALUES ('3', 'Otro');
# INASISTENCIA
INSERT INTO `jardin`.`INASISTENCIA` (`INA_ID`, `CA_ID`, `TA_ID`, `INA_FECHA`, `INA_JUSTIFICADA`) VALUES ('1', '1', '1', '2018-01-01', '1');
INSERT INTO `jardin`.`INASISTENCIA` (`INA_ID`, `CA_ID`, `TA_ID`, `INA_FECHA`, `INA_JUSTIFICADA`) VALUES ('2', '2', '2', '2018-02-01', '1');
INSERT INTO `jardin`.`INASISTENCIA` (`INA_ID`, `CA_ID`, `TA_ID`, `INA_FECHA`, `INA_JUSTIFICADA`) VALUES ('3', '3', '3', '2018-03-01', '0');
INSERT INTO `jardin`.`INASISTENCIA` (`INA_ID`, `CA_ID`, `TA_ID`, `INA_FECHA`, `INA_JUSTIFICADA`) VALUES ('4', '4', '1', '2018-04-01', '1');
INSERT INTO `jardin`.`INASISTENCIA` (`INA_ID`, `CA_ID`, `TA_ID`, `INA_FECHA`, `INA_JUSTIFICADA`) VALUES ('5', '5', '3', '2018-05-01', '1');
# APODERADO
INSERT INTO `jardin`.`APODERADO` (`APO_RUT`, `APO_NOMBRE`, `APO_APATERNO`, `APO_AMATERNO`, `APO_FONO`, `APO_EMAIL`, `APO_DIRECCION`) VALUES ('1', 'Jonathan', 'Ramirez', 'Medina', 'Fono TESTING', 'TESTING@test.cl', 'Direccion TESTING');
INSERT INTO `jardin`.`APODERADO` (`APO_RUT`, `APO_NOMBRE`, `APO_APATERNO`, `APO_AMATERNO`, `APO_FONO`, `APO_EMAIL`, `APO_DIRECCION`) VALUES ('2', 'Cristian', 'Lara', 'Lara', 'Fono TESTING', 'TESTING@test.cl', 'Direccion TESTING');
# PARENTEZCO
INSERT INTO `jardin`.`PARENTEZCO` (`PARENTEZO_ID`, `PARECTEZCO_NOMBRE`) VALUES ('1', 'Padres');
INSERT INTO `jardin`.`PARENTEZCO` (`PARENTEZO_ID`, `PARECTEZCO_NOMBRE`) VALUES ('2', 'Tios');
INSERT INTO `jardin`.`PARENTEZCO` (`PARENTEZO_ID`, `PARECTEZCO_NOMBRE`) VALUES ('3', 'Abuelos');
# APAL
INSERT INTO `jardin`.`APAL` (`APAL_ID`, `ALUMNO_RUT`, `APO_RUT`, `PARENTEZO_ID`) VALUES ('1', '1', '1', '1');
INSERT INTO `jardin`.`APAL` (`APAL_ID`, `ALUMNO_RUT`, `APO_RUT`, `PARENTEZO_ID`) VALUES ('2', '2', '1', '2');
INSERT INTO `jardin`.`APAL` (`APAL_ID`, `ALUMNO_RUT`, `APO_RUT`, `PARENTEZO_ID`) VALUES ('3', '3', '1', '3');
INSERT INTO `jardin`.`APAL` (`APAL_ID`, `ALUMNO_RUT`, `APO_RUT`, `PARENTEZO_ID`) VALUES ('4', '4', '2', '1');
INSERT INTO `jardin`.`APAL` (`APAL_ID`, `ALUMNO_RUT`, `APO_RUT`, `PARENTEZO_ID`) VALUES ('5', '5', '2', '1');
INSERT INTO `jardin`.`APAL` (`APAL_ID`, `ALUMNO_RUT`, `APO_RUT`, `PARENTEZO_ID`) VALUES ('6', '6', '2', '1');
INSERT INTO `jardin`.`APAL` (`APAL_ID`, `ALUMNO_RUT`, `APO_RUT`, `PARENTEZO_ID`) VALUES ('7', '7', '2', '2');
INSERT INTO `jardin`.`APAL` (`APAL_ID`, `ALUMNO_RUT`, `APO_RUT`, `PARENTEZO_ID`) VALUES ('8', '8', '2', '3');
